Date,GDX,GLD,Spread,Z_Score
2023-01-03,28.63426971435547,171.05999755859375,-14.85739059617488,1.0788459375800619
2023-01-04,29.85069465637207,172.6699981689453,-14.050305070997517,1.6004930379959939
2023-01-05,29.59003257751465,170.52000427246094,-13.76433552615471,1.7853249786279752
2023-01-06,30.468563079833984,173.7100067138672,-13.696856728216929,1.828938843807952
2023-01-09,30.178937911987305,174.10000610351562,-14.085638456440002,1.577655857190527
2023-01-10,30.73887825012207,174.74000549316406,-13.68841667583358,1.8343939396011335
2023-01-11,30.47821617126465,174.6199951171875,-13.918566357986897,1.6856402937833088
2023-01-12,31.067121505737305,176.63999938964844,-13.843243046766624,1.734324337377261
2023-01-13,31.5208683013916,178.75999450683594,-13.928500745515642,1.6792193578513468
2023-01-17,30.42994499206543,177.58999633789062,-14.721954373712641,1.1663830207450565
2023-01-18,30.13066673278809,177.0800018310547,-14.891567555425912,1.0567561947483888
2023-01-19,30.91265296936035,179.88999938964844,-14.82401754611898,1.1004160862825432
2023-01-20,31.298818588256836,179.2899932861328,-14.285301582251236,1.4486067200293529
2023-01-23,31.27951431274414,179.6300048828125,-14.391053122323072,1.3802558668395755
2023-01-24,31.598098754882812,180.27999877929688,-14.237728320972913,1.4793549530591958
2023-01-25,32.119422912597656,181.11000061035156,-13.927430459344528,1.6799111205708603
2023-01-26,31.62706184387207,179.47000122070312,-14.002824981933955,1.631181050622728
2023-01-27,31.192625045776367,179.22000122070312,-14.3736997828777,1.3914719262556108
2023-01-30,30.729225158691406,178.75999450683594,-14.720143888215837,1.1675531997165423
2023-01-31,30.91265296936035,179.41000366210938,-14.701979597851832,1.1792934045695709
2023-02-01,31.607755661010746,181.6699981689453,-14.581475963829188,1.2571790428526768
2023-02-02,30.623027801513672,177.89999389648438,-14.607687820010192,1.240237419757237
2023-02-03,29.271446228027344,173.4600067138672,-14.83041158287162,1.096283400677466
2023-02-06,29.16524887084961,173.82000732421875,-15.028138371128826,0.9684857849957078
2023-02-07,29.570724487304688,173.97999572753906,-14.663339484418515,1.2042678372702478
2023-02-08,29.31971549987793,174.41000366210938,-15.023677124295169,0.97136924207977
2023-02-09,28.730812072753903,173.02999877929688,-15.261717085695157,0.8175158377331415
2023-02-10,28.59565162658691,173.36000061035156,-15.4807798336447,0.6759280583563365
2023-02-13,28.557037353515625,172.47999572753906,-15.295654635295847,0.7955808335828299
2023-02-14,28.614961624145508,172.61000061035156,-15.270783844630238,0.8116556799665705
2023-02-15,27.79435920715332,170.88999938964844,-15.654079410855672,0.5639185883121992
2023-02-16,27.67850685119629,170.75,-15.734337203588268,0.5120452198045173
2023-02-17,27.427499771118164,171.25999450683594,-16.115009361230463,0.2660037272384244
2023-02-21,27.13787269592285,170.6199951171875,-16.241917878897432,0.1839783926315249
2023-02-22,26.50069999694824,169.66000366210938,-16.63501468133774,-0.07009357468655812
2023-02-23,26.36553955078125,169.57000732421875,-16.747293739613966,-0.14266338712911594
2023-02-24,26.056604385375977,168.35000610351562,-16.746046048556387,-0.1418569615371594
2023-02-27,26.25934600830078,169.00999450683594,-16.711105149680257,-0.11927345828246545
2023-02-28,26.558622360229492,169.77999877929688,-16.607600835244163,-0.05237506421913242
2023-03-01,27.13787269592285,170.75999450683594,-16.277512442121868,0.16097240365344478
2023-03-02,27.195798873901367,170.66000366210938,-16.194163792992427,0.21484349882939027
2023-03-03,27.639890670776367,172.49000549316406,-16.2153462808117,0.201152529278063
2023-03-06,27.108911514282227,171.6199951171875,-16.525127049145873,0.0009305769259527325
2023-03-07,25.960063934326172,168.6199951171875,-16.911230663278474,-0.24862145255459298
2023-03-08,25.882831573486328,168.5399932861328,-16.968122719487724,-0.2853927428732164
2023-03-09,25.757328033447266,170.1999969482422,-17.515678851699704,-0.6392970811037557
2023-03-10,26.25934600830078,173.8699951171875,-17.9467505294949,-0.9179135148997627
2023-03-13,28.09363555908203,177.86000061035156,-17.12691184988475,-0.3880236126697879
2023-03-14,28.315683364868164,176.8300018310547,-16.64298892619388,-0.07524760307320007
2023-03-15,28.315683364868164,178.2100067138672,-16.993852391917926,-0.30202271404624326
2023-03-16,28.151561737060547,178.57000732421875,-17.249503450805015,-0.46725877568593865
2023-03-17,29.52245330810547,183.77000427246097,-17.200700644617456,-0.4357158455431801
2023-03-20,30.03412628173828,183.83999633789065,-16.706823012838647,-0.11650576613915861
2023-03-21,28.96251106262207,180.3699951171875,-16.896197401124418,-0.23890493879264396
2023-03-22,29.503145217895508,183.44000244140625,-17.13610643304486,-0.3939663876240906
2023-03-23,30.22720718383789,185.7400054931641,-16.996815616803744,-0.3039379480844544
2023-03-24,30.458908081054688,183.6499938964844,-16.233733474964126,0.1892682540492523
2023-03-27,30.42994499206543,181.9499969482422,-15.830475759223376,0.449907568687297
2023-03-28,31.192625045776367,183.44000244140625,-15.446626605163999,0.6980024631759313
2023-03-29,30.931962966918945,182.52999877929688,-15.475922083304361,0.6790677892776974
2023-03-30,31.39536476135254,184.17999267578125,-15.432027918267096,0.7074380960203887
2023-03-31,31.23124122619629,183.22000122070312,-15.35207555688904,0.759114053751267
2023-04-03,31.93599510192871,184.5399932861328,-14.982927008770396,0.9977074416162325
2023-04-04,33.007606506347656,187.97999572753903,-14.785929305884956,1.1250338243762332
2023-04-05,33.15242385864258,187.8300018310547,-14.602976307105443,1.2432826324003385
2023-04-06,33.23931121826172,186.4900054931641,-14.175397573835774,1.5196414561577392
2023-04-10,32.81452560424805,185.11000061035156,-14.2493197221254,1.4718630322994677
2023-04-11,33.38412094116211,186.27999877929688,-13.977194066340509,1.6477471918596043
2023-04-12,33.71236038208008,187.19000244140625,-13.880321226139593,1.7103594363162977
2023-04-13,34.629512786865234,189.72000122070312,-13.606415922170896,1.887393843633187
2023-04-14,33.87648391723633,186.36000061035156,-13.505171394896891,1.9528316596240762
2023-04-17,33.11380386352539,185.52999877929688,-14.05682515252137,1.596278885325314
2023-04-18,33.355159759521484,186.25,-13.998528118684213,1.6339582609495011
2023-04-19,32.90141296386719,185.36000061035156,-14.225994359658209,1.486939015349079
2023-04-20,32.882102966308594,186.08999633789065,-14.430904302635916,1.3544986800113525
2023-04-21,32.44766616821289,184.25,-14.397525732777176,1.3760723963520294
2023-04-24,32.54420852661133,184.80999755859375,-14.443361627276488,1.3464470831545434
2023-04-25,32.60213088989258,185.75,-14.624432994009211,1.2294144385612487
2023-04-26,32.17735290527344,184.7400054931641,-14.792421906760381,1.1208374333926636
2023-04-27,32.67936706542969,184.75,-14.292948829864287,1.443664041194128
2023-04-28,32.418704986572266,184.8000030517578,-14.566324084055388,1.2669722232570912
2023-05-01,32.254581451416016,183.97000122070312,-14.51942132312518,1.2972870888785113
2023-05-02,33.53858947753906,187.52000427246097,-14.137994432463167,1.5438163913223613
2023-05-03,33.654441833496094,189.11000061035156,-14.426395447308614,1.3574129081003337
2023-05-04,34.45573425292969,190.44000244140625,-13.963253318265387,1.6567575762416287
2023-05-05,34.17576599121094,187.4600067138672,-13.48556366019745,1.9655048121371768
2023-05-08,34.137149810791016,187.69000244140625,-13.58265579173257,1.9027508321579576
2023-05-09,34.030948638916016,189.02000427246097,-14.027007253997937,1.61555121746363
2023-05-10,33.78959655761719,188.75,-14.199711292108049,1.503926664798701
2023-05-11,32.36077880859375,187.1300048828125,-15.216648541032086,0.8466451863709953
2023-05-12,32.43801498413086,186.80999755859375,-15.058051146972588,0.9491521303859796
2023-05-15,32.73729705810547,187.2100067138672,-14.86047059615096,1.0768552277894852
2023-05-16,31.8684139251709,184.8699951171875,-15.13441048731076,0.8997984655828262
2023-05-17,31.598098754882812,184.22999572753903,-15.242007100070488,0.8302550785318025
2023-05-18,30.777494430541992,181.83999633789065,-15.454958886819306,0.6926170233064897
2023-05-19,31.047813415527344,183.63999938964844,-15.6422870572313,0.571540391557749
2023-05-22,30.767841339111328,183.2100067138672,-15.81293436071384,0.46124517713682156
2023-05-23,30.555448532104492,183.42999267578125,-16.081258156059278,0.2878182905825297
2023-05-24,29.85069465637207,181.9499969482422,-16.409726094916735,0.07551817796814984
2023-05-25,29.213520050048828,180.1999969482422,-16.601966721176296,-0.04873354275055017
2023-05-26,29.358333587646484,180.9199981689453,-16.640212045737584,-0.07345280984120672
2023-05-30,29.155595779418945,182.0399932861328,-17.127706359760623,-0.3885371316960527
2023-05-31,29.841039657592773,182.32000732421875,-16.513455487552093,0.00847430813260882
2023-06-01,30.902997970581055,183.7599945068359,-15.817611019365259,0.45822249199498116
2023-06-02,30.323747634887695,181.0500030517578,-15.707851478460647,0.529163853808269
2023-06-05,30.468563079833984,182.13999938964844,-15.840165410012936,0.44364481451721505
2023-06-06,30.53614044189453,182.33999633789065,-15.823436869770674,0.4544570447447979
2023-06-07,29.976198196411133,180.1499938964844,-15.826575399480326,0.4524285051767646
2023-06-08,30.449254989624023,182.52999877929688,-15.958630060599283,0.3670770412733893
2023-06-09,30.00516128540039,182.0399932861328,-16.278140853779178,0.1605662396117452
2023-06-12,30.15962791442871,181.8800048828125,-16.08299749500609,0.2866940960703733
2023-06-13,29.821731567382812,180.5399932861328,-16.080198588885033,0.2885031252461416
2023-06-14,29.802425384521484,180.63999938964844,-16.124931122413713,0.2595909521473034
2023-06-15,29.927928924560547,181.91000366210935,-16.322323614171168,0.13200940377729167
2023-06-16,30.304441452026367,181.6300048828125,-15.874621960256476,0.42137436242240317
2023-06-20,29.09766960144043,179.75,-16.603406350814467,-0.049664024840734386
2023-06-21,29.020435333251953,179.49000549316406,-16.614537538590824,-0.056858493885939734
2023-06-22,28.817699432373047,177.7100067138672,-16.364712330109136,0.10461212050358158
2023-06-23,28.759775161743164,178.1999969482422,-16.54721563226633,-0.01334603314526679
2023-06-26,29.03009033203125,178.50999450683594,-16.355716717724043,0.11042629381082547
2023-06-27,28.624614715576172,177.69000244140625,-16.55271100086925,-0.01689787865358656
2023-06-28,28.20948600769043,177.27999877929688,-16.86359710234185,-0.21783424578413918
2023-06-29,28.59565162658691,177.08999633789062,-16.429123744887253,0.0629808104323113
2023-06-30,29.068708419799805,178.27000427246094,-16.25608159558012,0.1748238959788766
2023-07-03,29.62864875793457,178.47000122070312,-15.746990079263632,0.5038672315962335
2023-07-05,28.79839134216309,177.83999633789062,-16.41707002076694,0.07077154640814667
2023-07-06,28.064674377441406,177.30999755859375,-17.016035861887794,-0.31636065274784775
2023-07-07,28.43153190612793,178.63999938964844,-16.987328623591637,-0.29780617846849733
2023-07-10,29.001129150390625,178.77999877929688,-16.453325942553377,0.0473380986720521
2023-07-11,29.19421005249023,179.4499969482422,-16.430590727279036,0.06203264931782898
2023-07-12,30.71957015991211,181.8800048828125,-15.523055249522692,0.6486040048035414
2023-07-13,31.07677459716797,182.0099945068359,-15.198900412714671,0.8581164113970601
2023-07-14,30.854726791381836,181.42999267578125,-15.273483919566303,0.8099105287807719
2023-07-17,30.86438369750977,181.55999755859375,-15.296880493402643,0.7947885193769828
2023-07-18,31.50156021118164,183.63999938964844,-15.188540261577003,0.8648125329755604
2023-07-19,31.24089813232422,183.6699981689453,-15.456829469731346,0.6914080013110336
2023-07-20,30.304441452026367,182.7400054931641,-16.15683738279182,0.23896884000163207
2023-07-21,30.400981903076172,182.17999267578125,-15.917914799327832,0.39339271330859543
2023-07-24,30.20790100097656,181.3999938964844,-15.912682580674666,0.39677447596450044
2023-07-25,30.680953979492188,182.41000366210935,-15.696422553543435,0.5365507605956565
2023-07-26,30.555448532104492,183.3000030517578,-16.04820855561144,0.3091793826919833
2023-07-27,29.30040740966797,180.4199981689453,-16.571014229412192,-0.028727884024549986
2023-07-28,29.657609939575195,181.86000061035156,-16.579929423822847,-0.03449008043234746
2023-07-31,30.323747634887695,182.3500061035156,-16.038374639554085,0.3155353804605278
2023-08-01,29.18455696105957,180.4600067138672,-16.6970367700941,-0.1101805812703838
2023-08-02,28.267412185668945,179.60000610351562,-17.395528120101346,-0.561639535780585
2023-08-03,28.267412185668945,179.5399932861328,-17.380269981991084,-0.5517776769630638
2023-08-04,28.53772735595703,180.19000244140625,-17.27521833200793,-0.4838791867806529
2023-08-07,28.315683364868164,179.77999877929688,-17.393019716683654,-0.5600182684815272
2023-08-08,28.07432746887207,178.63999938964844,-17.344533060847496,-0.5286796771714696
2023-08-09,28.122596740722656,177.7899932861328,-17.080151446873693,-0.3578007578618819
2023-08-10,28.161216735839844,177.60000610351562,-16.993227592714817,-0.3016188848577908
2023-08-11,28.441184997558594,177.60000610351562,-16.713259330996067,-0.12066577966862244
2023-08-14,27.948823928833008,177.05999755859375,-17.068324313344235,-0.35015647516889475
2023-08-15,27.234413146972656,176.58999633789062,-17.6632382301976,-0.7346697764766389
2023-08-16,26.86755752563477,175.57000732421875,-17.77076369640734,-0.8041671790683356
2023-08-17,26.65516662597656,175.3000030517578,-17.91450655287684,-0.897073125146777
2023-08-18,26.50069999694824,175.3300018310547,-18.076600311202082,-1.0018398894959468
2023-08-21,26.751705169677734,175.80999755859375,-17.947633086739742,-0.918483941965249
2023-08-22,26.98340606689453,176.10000610351562,-17.789666278748406,-0.8163845673883948
2023-08-23,27.74608612060547,177.88999938964844,-17.482088417658233,-0.6175864296636924
2023-08-24,27.688161849975582,177.85000610351562,-17.529844475731036,-0.6484528105413546
2023-08-25,27.41784286499023,177.6199951171875,-17.74168363008476,-0.7853717332278934
2023-08-28,27.997093200683594,178.1300048828125,-17.292102251471896,-0.49479184393690373
2023-08-29,28.508766174316406,179.8699951171875,-17.222818295126174,-0.45001124286597377
2023-08-30,28.499113082885746,180.32000732421875,-17.34688608504349,-0.5302005175418615
2023-08-31,28.248104095458984,180.02000427246094,-17.52161989998462,-0.6431369847008089
2023-09-01,28.083982467651367,180.11000061035156,-17.708622915683,-0.7640034577882276
2023-09-05,27.504732131958008,178.63999938964844,-17.91412839776156,-0.8968287105051552
2023-09-06,27.485422134399418,177.8300018310547,-17.72749814527044,-0.7762031670839796
2023-09-07,27.30199432373047,178.02000427246094,-17.959233694497506,-0.9259818132702389
2023-09-08,27.35991859436035,178.0800018310547,-17.916563682461465,-0.8984027186650889
2023-09-11,27.775047302246097,178.41000366210938,-17.58533727635827,-0.6843197139092412
2023-09-12,27.79435920715332,177.49000549316406,-17.332117687473826,-0.5206551948595942
2023-09-13,27.726778030395508,177.0800018310547,-17.295456257818493,-0.4969596534575798
2023-09-14,28.103290557861328,177.1699981689453,-16.94182511824343,-0.2683956997978049
2023-09-15,28.69219398498535,178.33999633789062,-16.650391372248585,-0.0800320582516939
2023-09-18,28.72115707397461,179.38999938964844,-16.888389447200815,-0.23385838994822805
2023-09-19,28.38326072692871,179.22000122070312,-17.183064101725357,-0.4243167420107474
2023-09-20,28.682538986206055,179.35000610351562,-16.916839322412287,-0.2522465216248528
2023-09-21,27.910205841064453,178.0500030517578,-17.358649306460443,-0.5378034916409886
2023-09-22,27.871591567993164,178.6199951171875,-17.542182915689644,-0.6564275681442115
2023-09-25,27.52404022216797,177.6999969482422,-17.655826577537617,-0.7298793707528834
2023-09-26,26.780670166015625,176.27999877929688,-18.03816495540884,-0.9769977986920088
2023-09-27,25.979372024536133,174.10000610351562,-18.285204343891174,-1.1366678419157619
2023-09-28,26.11452865600586,173.22999572753906,-17.928849324261478,-0.9063433510042911
2023-09-29,25.979372024536133,171.4499969482422,-17.61144484637061,-0.7011939332713711
2023-10-02,25.091188430786133,169.64999389648438,-18.04198128472325,-0.9794644234287828
2023-10-03,25.168420791625977,169.16000366210938,-17.840169892356094,-0.8490267877939554
2023-10-04,25.01395606994629,169.13999938964844,-17.989548567999023,-0.9455753574092778
2023-10-05,25.409778594970703,168.8300018310547,-17.514909787228817,-0.6388000083168498
2023-10-06,25.960063934326172,169.6999969482422,-17.18581895651689,-0.42609729929896584
2023-10-09,26.58758544921875,172.82000732421875,-17.35155380415187,-0.5332174247499385
2023-10-10,26.848247528076172,172.52999877929688,-17.01715763606898,-0.3170856939370187
2023-10-11,27.34061050415039,173.7899932861328,-16.845145729014696,-0.20590848934997935
2023-10-12,26.780670166015625,173.25999450683594,-17.270334943548633,-0.4807228850622723
2023-10-13,27.948823928833008,178.8300018310547,-17.518344339444667,-0.6410198773997846
2023-10-16,27.997093200683594,177.9600067138672,-17.24888055895054,-0.46685617928242995
2023-10-17,28.508766174316406,178.2899932861328,-16.82110600758385,-0.19037079156206319
2023-10-18,28.43153190612793,180.8699951171875,-17.554300551922466,-0.6642596127139093
2023-10-19,28.489456176757812,183.08999633789065,-18.06080712636325,-0.9916322115975006
2023-10-20,28.460494995117188,183.58999633789065,-18.216892302307784,-1.092515422743535
2023-10-23,28.22879409790039,182.97000122070312,-18.29096068803299,-1.140388364880059
2023-10-24,28.248104095458984,182.9499969482422,-18.266564644437636,-1.1246203638366261
2023-10-25,27.784704208374023,183.72000122070312,-18.925736569015214,-1.5506658229667694
2023-10-26,27.533695220947266,184.0099945068359,-19.250475766151006,-1.7605559217144287
2023-10-27,28.19017791748047,186.1499938964844,-19.138083610057883,-1.6879130102676054
2023-10-30,27.775047302246097,185.1000061035156,-19.28625694086718,-1.783682524110211
2023-10-31,27.041332244873047,184.08999633789065,-19.763179046855832,-2.0919336647295
2023-11-01,27.13787269592285,183.5099945068359,-19.519174296871512,-1.934225012614765
2023-11-02,27.282686233520508,184.1199951171875,-19.529452187505285,-1.9408679664037352
2023-11-03,28.45083999633789,184.7899932861328,-18.531644111513167,-1.2959503295789347
2023-11-06,28.141908645629883,183.3500061035156,-18.474461617419713,-1.2589913192784514
2023-11-07,27.601272583007812,182.58999633789065,-18.821866725809343,-1.4835311751026625
2023-11-08,26.732398986816406,180.77000427246097,-19.22801100008307,-1.746036171681389
2023-11-09,26.635854721069336,181.4900054931641,-19.50761412798908,-1.9267532783440826
2023-11-10,26.307615280151367,179.50999450683594,-19.33243975821174,-1.8135320654602867
2023-11-13,26.104877471923828,180.5099945068359,-19.78942555504709,-2.1088976846095533
2023-11-14,27.350263595581055,182.1199951171875,-18.953378848229107,-1.5685319776071294
2023-11-15,27.21510887145996,181.63999938964844,-18.966495624083052,-1.5770098004370114
2023-11-16,27.620582580566406,183.69000244140625,-19.08223106752591,-1.6518135933486136
2023-11-17,27.446807861328125,183.6699981689453,-19.25091974072744,-1.7608428777348635
2023-11-20,27.52404022216797,183.3699951171875,-19.097412207401966,-1.6616256855622769
2023-11-21,28.199831008911133,185.3500061035156,-18.925035231354094,-1.550212524343609
2023-11-22,28.238449096679688,184.55999755859375,-18.68555906005617,-1.3954308482023872
2023-11-24,28.30602645874023,185.52000427246097,-18.862061474046367,-1.5095104216827375
2023-11-27,28.759775161743164,186.77000427246097,-18.726122756803207,-1.4216485588788266
2023-11-28,30.140317916870117,189.2599945068359,-17.97865501041919,-0.9385344769233025
2023-11-29,30.121013641357425,189.5399932861328,-18.06914841238076,-0.9970234712955565
2023-11-30,30.236860275268555,188.75,-17.75244757445668,-0.7923288402450421
2023-12-01,30.709917068481445,192.0099945068359,-18.10823782747935,-1.0222883030971843
2023-12-04,29.947237014770508,187.86000061035156,-17.815790280274435,-0.8332694070022875
2023-12-05,29.42591094970703,187.1499938964844,-18.156598566439136,-1.0535455100044704
2023-12-06,29.367984771728516,187.83999633789065,-18.389956477279675,-1.204372744233873
2023-12-07,29.271446228027344,188.1499938964844,-18.56531127672664,-1.3177105750113782
2023-12-08,28.65357780456543,185.63999938964844,-18.545018645408845,-1.3045947502858506
2023-12-11,28.528072357177734,183.58999633789065,-18.149314940247237,-1.04883785218508
2023-12-12,27.861936569213867,183.4900054931641,-18.79002825706018,-1.4629528790155968
2023-12-13,29.638303756713867,187.6300048828125,-18.066247587215877,-0.9951485683405791
2023-12-14,30.22720718383789,188.72999572753903,-17.757014619850587,-0.7952806785730496
2023-12-15,29.879657745361328,187.0,-17.664716124300234,-0.7356249902046907
2023-12-18,30.15441131591797,187.8500061035156,-17.606074895866797,-0.6977231497889449
2023-12-19,30.95905303955078,189.1300048828125,-17.126870287290686,-0.38799674933746126
2023-12-20,30.20347595214844,188.1000061035156,-17.620572256788282,-0.7070932921746779
2023-12-21,30.762798309326172,189.42999267578125,-17.399396310484498,-0.5641396801076493
2023-12-22,30.9688663482666,190.27000427246097,-17.406899530407124,-0.5689892688988255
2023-12-26,31.076807022094727,191.72000122070312,-17.667617664157042,-0.737500355089611
2023-12-27,31.380998611450195,192.58999633789065,-17.584620583445123,-0.683856490659202
2023-12-28,30.586170196533203,191.47000122070312,-18.094692492566608,-1.01353348782548
2023-12-29,30.429168701171875,191.1699981689453,-18.175418815442306,-1.0657096834598818
