Date,GDX,GLD
2023-01-03,28.63426971435547,171.05999755859375
2023-01-04,29.85069465637207,172.6699981689453
2023-01-05,29.59003257751465,170.52000427246094
2023-01-06,30.468563079833984,173.7100067138672
2023-01-09,30.178937911987305,174.10000610351562
2023-01-10,30.73887825012207,174.74000549316406
2023-01-11,30.47821617126465,174.6199951171875
2023-01-12,31.067121505737305,176.63999938964844
2023-01-13,31.5208683013916,178.75999450683594
2023-01-17,30.42994499206543,177.58999633789062
2023-01-18,30.130666732788086,177.0800018310547
2023-01-19,30.91265296936035,179.88999938964844
2023-01-20,31.298818588256836,179.2899932861328
2023-01-23,31.27951431274414,179.6300048828125
2023-01-24,31.598098754882812,180.27999877929688
2023-01-25,32.119422912597656,181.11000061035156
2023-01-26,31.62706184387207,179.47000122070312
2023-01-27,31.192625045776367,179.22000122070312
2023-01-30,30.729225158691406,178.75999450683594
2023-01-31,30.91265296936035,179.41000366210938
2023-02-01,31.607755661010742,181.6699981689453
2023-02-02,30.623027801513672,177.89999389648438
2023-02-03,29.271446228027344,173.4600067138672
2023-02-06,29.16524887084961,173.82000732421875
2023-02-07,29.570724487304688,173.97999572753906
2023-02-08,29.31971549987793,174.41000366210938
2023-02-09,28.730812072753906,173.02999877929688
2023-02-10,28.595651626586914,173.36000061035156
2023-02-13,28.557037353515625,172.47999572753906
2023-02-14,28.614961624145508,172.61000061035156
2023-02-15,27.79435920715332,170.88999938964844
2023-02-16,27.67850685119629,170.75
2023-02-17,27.427499771118164,171.25999450683594
2023-02-21,27.13787269592285,170.6199951171875
2023-02-22,26.500699996948242,169.66000366210938
2023-02-23,26.36553955078125,169.57000732421875
2023-02-24,26.056604385375977,168.35000610351562
2023-02-27,26.25934600830078,169.00999450683594
2023-02-28,26.558622360229492,169.77999877929688
2023-03-01,27.13787269592285,170.75999450683594
2023-03-02,27.195798873901367,170.66000366210938
2023-03-03,27.639890670776367,172.49000549316406
2023-03-06,27.108911514282227,171.6199951171875
2023-03-07,25.960063934326172,168.6199951171875
2023-03-08,25.882831573486328,168.5399932861328
2023-03-09,25.757328033447266,170.1999969482422
2023-03-10,26.25934600830078,173.8699951171875
2023-03-13,28.09363555908203,177.86000061035156
2023-03-14,28.315683364868164,176.8300018310547
2023-03-15,28.315683364868164,178.2100067138672
2023-03-16,28.151561737060547,178.57000732421875
2023-03-17,29.52245330810547,183.77000427246094
2023-03-20,30.03412628173828,183.83999633789062
2023-03-21,28.96251106262207,180.3699951171875
2023-03-22,29.503145217895508,183.44000244140625
2023-03-23,30.22720718383789,185.74000549316406
2023-03-24,30.458908081054688,183.64999389648438
2023-03-27,30.42994499206543,181.9499969482422
2023-03-28,31.192625045776367,183.44000244140625
2023-03-29,30.931962966918945,182.52999877929688
2023-03-30,31.39536476135254,184.17999267578125
2023-03-31,31.23124122619629,183.22000122070312
2023-04-03,31.93599510192871,184.5399932861328
2023-04-04,33.007606506347656,187.97999572753906
2023-04-05,33.15242385864258,187.8300018310547
2023-04-06,33.23931121826172,186.49000549316406
2023-04-10,32.81452560424805,185.11000061035156
2023-04-11,33.38412094116211,186.27999877929688
2023-04-12,33.71236038208008,187.19000244140625
2023-04-13,34.629512786865234,189.72000122070312
2023-04-14,33.87648391723633,186.36000061035156
2023-04-17,33.11380386352539,185.52999877929688
2023-04-18,33.355159759521484,186.25
2023-04-19,32.90141296386719,185.36000061035156
2023-04-20,32.882102966308594,186.08999633789062
2023-04-21,32.44766616821289,184.25
2023-04-24,32.54420852661133,184.80999755859375
2023-04-25,32.60213088989258,185.75
2023-04-26,32.17735290527344,184.74000549316406
2023-04-27,32.67936706542969,184.75
2023-04-28,32.418704986572266,184.8000030517578
2023-05-01,32.254581451416016,183.97000122070312
2023-05-02,33.53858947753906,187.52000427246094
2023-05-03,33.654441833496094,189.11000061035156
2023-05-04,34.45573425292969,190.44000244140625
2023-05-05,34.17576599121094,187.4600067138672
2023-05-08,34.137149810791016,187.69000244140625
2023-05-09,34.030948638916016,189.02000427246094
2023-05-10,33.78959655761719,188.75
2023-05-11,32.36077880859375,187.1300048828125
2023-05-12,32.43801498413086,186.80999755859375
2023-05-15,32.73729705810547,187.2100067138672
2023-05-16,31.8684139251709,184.8699951171875
2023-05-17,31.598098754882812,184.22999572753906
2023-05-18,30.777494430541992,181.83999633789062
2023-05-19,31.047813415527344,183.63999938964844
2023-05-22,30.767841339111328,183.2100067138672
2023-05-23,30.555448532104492,183.42999267578125
2023-05-24,29.85069465637207,181.9499969482422
2023-05-25,29.213520050048828,180.1999969482422
2023-05-26,29.358333587646484,180.9199981689453
2023-05-30,29.155595779418945,182.0399932861328
2023-05-31,29.841039657592773,182.32000732421875
2023-06-01,30.902997970581055,183.75999450683594
2023-06-02,30.323747634887695,181.0500030517578
2023-06-05,30.468563079833984,182.13999938964844
2023-06-06,30.53614044189453,182.33999633789062
2023-06-07,29.976198196411133,180.14999389648438
2023-06-08,30.449254989624023,182.52999877929688
2023-06-09,30.00516128540039,182.0399932861328
2023-06-12,30.15962791442871,181.8800048828125
2023-06-13,29.821731567382812,180.5399932861328
2023-06-14,29.802425384521484,180.63999938964844
2023-06-15,29.927928924560547,181.91000366210938
2023-06-16,30.304441452026367,181.6300048828125
2023-06-20,29.09766960144043,179.75
2023-06-21,29.020435333251953,179.49000549316406
2023-06-22,28.817699432373047,177.7100067138672
2023-06-23,28.759775161743164,178.1999969482422
2023-06-26,29.03009033203125,178.50999450683594
2023-06-27,28.624614715576172,177.69000244140625
2023-06-28,28.20948600769043,177.27999877929688
2023-06-29,28.595651626586914,177.08999633789062
2023-06-30,29.068708419799805,178.27000427246094
2023-07-03,29.62864875793457,178.47000122070312
2023-07-05,28.798391342163086,177.83999633789062
2023-07-06,28.064674377441406,177.30999755859375
2023-07-07,28.43153190612793,178.63999938964844
2023-07-10,29.001129150390625,178.77999877929688
2023-07-11,29.194210052490234,179.4499969482422
2023-07-12,30.71957015991211,181.8800048828125
2023-07-13,31.07677459716797,182.00999450683594
2023-07-14,30.854726791381836,181.42999267578125
2023-07-17,30.864383697509766,181.55999755859375
2023-07-18,31.50156021118164,183.63999938964844
2023-07-19,31.24089813232422,183.6699981689453
2023-07-20,30.304441452026367,182.74000549316406
2023-07-21,30.400981903076172,182.17999267578125
2023-07-24,30.207901000976562,181.39999389648438
2023-07-25,30.680953979492188,182.41000366210938
2023-07-26,30.555448532104492,183.3000030517578
2023-07-27,29.30040740966797,180.4199981689453
2023-07-28,29.657609939575195,181.86000061035156
2023-07-31,30.323747634887695,182.35000610351562
2023-08-01,29.18455696105957,180.4600067138672
2023-08-02,28.267412185668945,179.60000610351562
2023-08-03,28.267412185668945,179.5399932861328
2023-08-04,28.53772735595703,180.19000244140625
2023-08-07,28.315683364868164,179.77999877929688
2023-08-08,28.07432746887207,178.63999938964844
2023-08-09,28.122596740722656,177.7899932861328
2023-08-10,28.161216735839844,177.60000610351562
2023-08-11,28.441184997558594,177.60000610351562
2023-08-14,27.948823928833008,177.05999755859375
2023-08-15,27.234413146972656,176.58999633789062
2023-08-16,26.867557525634766,175.57000732421875
2023-08-17,26.655166625976562,175.3000030517578
2023-08-18,26.500699996948242,175.3300018310547
2023-08-21,26.751705169677734,175.80999755859375
2023-08-22,26.98340606689453,176.10000610351562
2023-08-23,27.74608612060547,177.88999938964844
2023-08-24,27.688161849975586,177.85000610351562
2023-08-25,27.417842864990234,177.6199951171875
2023-08-28,27.997093200683594,178.1300048828125
2023-08-29,28.508766174316406,179.8699951171875
2023-08-30,28.499113082885742,180.32000732421875
2023-08-31,28.248104095458984,180.02000427246094
2023-09-01,28.083982467651367,180.11000061035156
2023-09-05,27.504732131958008,178.63999938964844
2023-09-06,27.485422134399414,177.8300018310547
2023-09-07,27.30199432373047,178.02000427246094
2023-09-08,27.35991859436035,178.0800018310547
2023-09-11,27.775047302246094,178.41000366210938
2023-09-12,27.79435920715332,177.49000549316406
2023-09-13,27.726778030395508,177.0800018310547
2023-09-14,28.103290557861328,177.1699981689453
2023-09-15,28.69219398498535,178.33999633789062
2023-09-18,28.72115707397461,179.38999938964844
2023-09-19,28.38326072692871,179.22000122070312
2023-09-20,28.682538986206055,179.35000610351562
2023-09-21,27.910205841064453,178.0500030517578
2023-09-22,27.871591567993164,178.6199951171875
2023-09-25,27.52404022216797,177.6999969482422
2023-09-26,26.780670166015625,176.27999877929688
2023-09-27,25.979372024536133,174.10000610351562
2023-09-28,26.11452865600586,173.22999572753906
2023-09-29,25.979372024536133,171.4499969482422
2023-10-02,25.091188430786133,169.64999389648438
2023-10-03,25.168420791625977,169.16000366210938
2023-10-04,25.01395606994629,169.13999938964844
2023-10-05,25.409778594970703,168.8300018310547
2023-10-06,25.960063934326172,169.6999969482422
2023-10-09,26.58758544921875,172.82000732421875
2023-10-10,26.848247528076172,172.52999877929688
2023-10-11,27.34061050415039,173.7899932861328
2023-10-12,26.780670166015625,173.25999450683594
2023-10-13,27.948823928833008,178.8300018310547
2023-10-16,27.997093200683594,177.9600067138672
2023-10-17,28.508766174316406,178.2899932861328
2023-10-18,28.43153190612793,180.8699951171875
2023-10-19,28.489456176757812,183.08999633789062
2023-10-20,28.460494995117188,183.58999633789062
2023-10-23,28.22879409790039,182.97000122070312
2023-10-24,28.248104095458984,182.9499969482422
2023-10-25,27.784704208374023,183.72000122070312
2023-10-26,27.533695220947266,184.00999450683594
2023-10-27,28.19017791748047,186.14999389648438
2023-10-30,27.775047302246094,185.10000610351562
2023-10-31,27.041332244873047,184.08999633789062
2023-11-01,27.13787269592285,183.50999450683594
2023-11-02,27.282686233520508,184.1199951171875
2023-11-03,28.45083999633789,184.7899932861328
2023-11-06,28.141908645629883,183.35000610351562
2023-11-07,27.601272583007812,182.58999633789062
2023-11-08,26.732398986816406,180.77000427246094
2023-11-09,26.635854721069336,181.49000549316406
2023-11-10,26.307615280151367,179.50999450683594
2023-11-13,26.104877471923828,180.50999450683594
2023-11-14,27.350263595581055,182.1199951171875
2023-11-15,27.21510887145996,181.63999938964844
2023-11-16,27.620582580566406,183.69000244140625
2023-11-17,27.446807861328125,183.6699981689453
2023-11-20,27.52404022216797,183.3699951171875
2023-11-21,28.199831008911133,185.35000610351562
2023-11-22,28.238449096679688,184.55999755859375
2023-11-24,28.306026458740234,185.52000427246094
2023-11-27,28.759775161743164,186.77000427246094
2023-11-28,30.140317916870117,189.25999450683594
2023-11-29,30.121013641357422,189.5399932861328
2023-11-30,30.236860275268555,188.75
2023-12-01,30.709917068481445,192.00999450683594
2023-12-04,29.947237014770508,187.86000061035156
2023-12-05,29.42591094970703,187.14999389648438
2023-12-06,29.367984771728516,187.83999633789062
2023-12-07,29.271446228027344,188.14999389648438
2023-12-08,28.65357780456543,185.63999938964844
2023-12-11,28.528072357177734,183.58999633789062
2023-12-12,27.861936569213867,183.49000549316406
2023-12-13,29.638303756713867,187.6300048828125
2023-12-14,30.22720718383789,188.72999572753906
2023-12-15,29.879657745361328,187.0
2023-12-18,30.15441131591797,187.85000610351562
2023-12-19,30.95905303955078,189.1300048828125
2023-12-20,30.203475952148438,188.10000610351562
2023-12-21,30.762798309326172,189.42999267578125
2023-12-22,30.9688663482666,190.27000427246094
2023-12-26,31.076807022094727,191.72000122070312
2023-12-27,31.380998611450195,192.58999633789062
2023-12-28,30.586170196533203,191.47000122070312
2023-12-29,30.429168701171875,191.1699981689453
